epoch,steps,cosine-Accuracy@1,cosine-Accuracy@3,cosine-Accuracy@5,cosine-Accuracy@10,cosine-Precision@1,cosine-Recall@1,cosine-Precision@3,cosine-Recall@3,cosine-Precision@5,cosine-Recall@5,cosine-Precision@10,cosine-Recall@10,cosine-MRR@10,cosine-NDCG@10,cosine-MAP@100
3.125,50,0.7916666666666666,1.0,1.0,1.0,0.7916666666666666,0.7916666666666666,0.3333333333333333,1.0,0.20000000000000004,1.0,0.10000000000000002,1.0,0.8819444444444443,0.9121995525297656,0.8819444444444445
6.25,100,0.8333333333333334,1.0,1.0,1.0,0.8333333333333334,0.8333333333333334,0.3333333333333333,1.0,0.20000000000000004,1.0,0.10000000000000002,1.0,0.8958333333333334,0.9221220730654774,0.8958333333333334
9.375,150,0.8333333333333334,1.0,1.0,1.0,0.8333333333333334,0.8333333333333334,0.3333333333333333,1.0,0.20000000000000004,1.0,0.10000000000000002,1.0,0.9027777777777778,0.9275774794642881,0.9027777777777777
